{"x": [0, 0.8191520442889916, 1.7850778705780599, 0.8514974440808581, -0.09955907221429539, 0.8852486807979125, 1.1440677259004333, 1.1615201323377164, 1.5035402756633853, 2.1595993046538924, 2.5822175663945917, 3.578412264486337, 2.6512284099195496, 3.645750305287823, 3.3201821508306666, 4.301809334278331, 3.3019616391219397, 3.8318809033551444, 3.814428496917861, 3.744672023173736, 3.0886129941832285, 2.5439739591682016, 3.028783579414539, 2.1901130114691147, 2.1726606050318313, 1.273866558732664], "y": [0, -0.5735764363510465, -0.8323954814535672, -0.474027531908267, -0.7830445262832147, -0.956692703950146, 0.009233122338922262, -0.990614572817469, -0.05092195203156069, -0.8056315322543329, 0.10067625478231701, 0.18783199752997518, -0.18677459588593684, -0.2913030591535902, 0.6542155164457266, 0.8450245118222715, 0.8624769182595549, 0.01442882210312868, 1.0142765172595198, 2.011840567519344, 2.7665501477421155, 3.6052207156875395, 4.4798404228269355, 3.9352013878119085, 4.9350490829683, 4.496677936179223], "s": 4.673633326564937}