{"lx": [0, -0.20791169081775912, 0.49919509036878845, 1.4894631591103586, 1.4894631591103584, 1.697374849928117, 1.3227682565122048, 2.0774778367349764, 2.4030459911921334, 1.9490554914525866, 1.4642458712062498, 0.49395014493025335, -0.00604985506974709, -0.31506684944469443, -0.5569887450443622, 0.42115885568944345, 1.4211588556894434, 1.8595300024785208, 0.9459845448359198, -0.053406282183176, -0.6269827185342224, -1.2426441938598805, -1.3471726571275338, -1.962834132453192, -1.1436820881642005, -1.8383404586231975], "ly": [0, 0.9781476007338057, 1.6852543819203532, 1.5460812809602873, 0.5460812809602873, -0.4320663197735185, 0.4951175347932689, -0.16094149419723847, 0.7845770814020783, 1.6755836055904463, 0.8009638984510503, 0.5590420028513828, -0.30698340093305554, 0.6440731153620981, -0.32622261091389837, -0.11831092009613906, -0.1183109200961393, -1.0171049663953062, -1.423841609471106, -1.4587411061736069, -2.2778931504625985, -3.065903904069321, -2.0713820087010473, -1.2833712550943253, -1.8569476914453718, -1.1376078911067204], "s": 2.161862011257709}